2974    cory-nospam-@coryfields.com
5292    pieter.wuille@gmail.com
1499    fanquake@gmail.com
4725    falke.marco@gmail.com
370     patrick.strateman@gmail.com
1096    morcos@chaincode.com
30      dexx@bitwatch.co
25670   laanwj@gmail.com
893     Pavel@Janik.cz
82      noone@yodasan
410     jgarzik@bitpay.com
13      drak@zikula.org
1       chris@beams.io
3       harrywu@tvunetworks.com
9       josh@joshtriplett.org
89      theuni-nospam-@xbmc.org
401     pete@petertodd.org
1195    hearn@google.com
1705    gavinandresen@gmail.com
99      jgarzik@exmulti.com
79      rebroad+github@gmail.com
411     matt@bluematt.me
121     patrick.p2k.schneider@gmail.com
2230    luke-jr+git@utopios.org
27      mva@mva.name
11      mith@jrbobdobbs.org
32      jaromil@dyne.org
1       matt.giuca@gmail.com
1536    git@bluematt.me
1528    dev@jonasschnelli.ch
79      james.obeirne@gmail.com
37      peter.tschipper@gmail.com
4612    jonas.schnelli@include7.ch
445     sdaftuar@gmail.com
1       knocte@gmail.com
1301    john@johnnewbery.com
36      lauda.m@protonmail.ch
33      doug@bloq.com
53      chohag@jtan.com
54      mastergizmo@arcor.de
5       aj@erisian.com.au
6       kiwigb@yahoo.com
113     d@domob.eu
8       prayag.verma@gmail.com
18      johnathan@corganlabs.com
5       andriivos@gmail.com
1       kiwigb@localhost.localdomain
9       DomT4@users.noreply.github.com
7       4tarhl@gmail.com
9       arowser@gmail.com
1       midnightmagic@example.com
8750    phil.kaufmann@t-online.de
3       sudosurootdev@gmail.com
1       florin@libertv.ro
481     brandon.dahler@gmail.com
7       cryptaxe@gmail.com
13      Koki.Takahashi@jp.sony.com
91      achow101@gmail.com
2       binns@21.co
299     btcdrak@gmail.com
11      sandakersmann@users.noreply.github.com
1       benhc123@users.noreply.github.com
4       trevinhofmann@gmail.com
1       anddam@brapi.net
23      s-matthew-english@users.noreply.github.com
7       elliotolds@gmail.com
1       elacoin@glados.cc
1       SuriyaaKudoIsc@users.noreply.github.com
99      mruddy@users.noreply.github.com
1       ericshaw.linux@gmail.com
1       alexanderjeng@gmail.com
1       thomas@instantsolve.net
151     me@super3.org
5       codler@gmail.com
243     mark@friedenbach.org
1       chuck.leduc@sage.com
1       admin@glados.cc
3       git@cad.cx
2       AmpedAl@Gmail.com
87      jeff@garzik.org
2       cryptovote@yandex.com
70      dooglus@gmail.com
36      roques@mti.ag
278     practicalswift@users.noreply.github.com
1136    isle2983@yahoo.com
2       lewuathe@me.com
26      github@domblogger.net
130     casey@rodarmor.com
2       elkingtowa@gmail.com
2       sean@eternalrise.com
12      s.matthew.english@gmail.com
8       mauron@vmail.me
14      iwilcox@iwilcox.me.uk
4       ciemon@gmail.com
70      vlajos@gmail.com
12      rob@vanmieghemcloud.com
164     sje397@gmail.com
256     gsanders87@gmail.com
16      diego.viola@gmail.com
8       CohibAA@users.noreply.github.com
10      gdm85@users.noreply.github.com
378     sdaftuar@chaincode.com
432     greg@xiph.org
744     mkjaerstad@yahoo.no
194     gubatron@gmail.com
6       email@calebogden.com
32      wtogami@gmail.com
52      michagogo@server.fake
8       Michagogo@users.noreply.github.com
586     jtimon@jtimon.cc
40      adam@signal11.com
10      joshr@joshr.com
8       flo@geekplace.eu
10      k.coopr@gmail.com
28      joroark@vt.edu
4       shuebbel@gmx.de
8       pavlos1998@gmail.com
4       d_j_p_3@djp3.net
20      federicobond@gmail.com
4       him@ian.sh
4       default@default-dell.(none)
8       jamesmacwhite@users.noreply.github.com
18      runesvend@gmail.com
4       matt@mattcorallo.com
50      bob_git@mcelrath.org
2       chrisk@bitpay.com
8       jacob@welshcomputing.com
4       mitchell@mitchellcash.com
12      ntrgnt@gmail.com
68      corinne+git@dashjr.org
518     nightsbird@gmail.com
30      mitchell.cash@gmail.com
10      fanquake@users.noreply.github.com
2       irvingruan@gmail.com
2       rion@cs.stanford.edu
16      whitj00@users.noreply.github.com
2       malleor@users.noreply.github.com
2       rktoomey@gmail.com
2       olalonde@gmail.com
2       scott@willeke.com
2       lake@lakedenman.com
2       regergregregerrge@oxymail.de
4       AmirAbrams@users.noreply.github.com
2       anduck@users.noreply.github.com
2       steven@sigwo.com
18      accraze@gmail.com
2       alfie@alfie.wtf
10      jonathancross@users.noreply.github.com
4       cedric@felizard.fr
4       nate@mahie.us
2       jarret.dyrbye@gmail.com
6       mtb19@columbia.edu
2       allenmajs1@gmail.com
4       tailsjoin@users.noreply.github.com
8       amberwelch@unomaha.edu
10      007longshao@gmail.com
2       jl2035@users.noreply.github.com
2       elichai.turkel@gmail.com
4       zertsekel@gmail.com
2       altoidnerd.btc@gmail.com
2       mikael@swedcontent.com
22      thomas@thomaszander.se
2       torstein@huseboe.net
18      haakonn@gmail.com
6       ian@iankelling.org
2       haltingstate@gmail.com
2       james@esixteen.co
58      keziahw@gmail.com
6       lukas_078@yahoo.ca
2       lewicki.jason@gmail.com
4       unsystemizer@users.noreply.github.com
2       andersoyvind@gmail.com
8       biolizard89@gmail.com
4       something@gmail.com
4       midnightmagic@users.noreply.github.com
2       btcdrak@users.noreply.github.com
2       UdjinM6@users.noreply.github.com
2       jyap808@users.noreply.github.com
8       braydon@bitpay.com
2       mail@aitorpazos.es
6       justin121994@gmail.com
10      djpnewton@gmail.com
46      mb300sd@git
154     bandrewsny@gmail.com
98      tomh@thinlink.com
58      sipa@ulyssis.org
2       prabahy@gmail.com
2       dave@dtrt.org
2       saivann@gmail.com
4       sime@sime.net.au
162     jl2012@xbt.hk
18      afk11@users.noreply.github.com
2       adam@deftnerd.com
8       joe.loughry@gmail.com
6       calvinyhtam@gmail.com
2       murtin.jones@gmail.com
2       bitcoinsSG@gmail.com
2       blake.jakopovic@gmail.com
2       himynameismartin@gmail.com
674     nils.schneider@gmail.com
4       krzysztof.jurewicz@gmail.com
314     karljohan-alm@garage.co.jp
386     russ@yanofsky.org
36      branco@uphold.com
46      yuri.zhykin@gmail.com
96      nicolas.dorier@gmail.com
4       jgarzik@pobox.com
24      knhn1117@gmail.com
24      rusty@rustcorp.com.au
124     github@dcousens.com
64      joao@uphold.com
8       zathrasc@gmail.com
32      jpdf.fonseca@gmail.com
34      chris@haydenwheeler.com
54      fsb4000@yandex.ru
12      russ@chaincode.com
4       dagurval@pvv.ntnu.no
66      jl2012@users.noreply.github.com
4       error@ioerror.us
8       scmorse@colby.edu
4       alonmuroch@gmail.com
762     cozzlovan@yahoo.com
2       fg@numlog.fr
2       onlyjob@member.fsf.org
12      jay@jayschwa.net
4       duane_moody@yahoo.com
20      Ethan.R.Heilman@gmail.com
24      ethan.r.heilman@gmail.com
2       sega01@go-beyond.org
24      thomas.holenstein@gmail.com
2       gsanders.87@gmail.com
26      pavel@vasin.nl
56      kdomanski@kdemail.net
60      jrn@jrn.me.uk
244     jtimon@blockstream.io
4       hello.wjx@gmail.com
52      evgeni@eniks.com
334     jtimon@monetize.io
2       me@ryanshea.org
2       abuse@loljews.com
22      UdjinM6@dash.org
2       tuladharpuru@gmail.com
16      luca@yepa.com
12      developer@it-offshore.co.uk
2       stanislas.marion@gmail.com
14      ersmail@gmail.com
22      marko.bencun@monetas.net
14      leijurv@gmail.com
6       kobake@users.sourceforge.net
2       robert@sparkk.us
2       peraudo@gmail.com
42      21xe14@gmail.com
4       decker.christian@gmail.com
2       rohrer@informatik.hu-berlin.de
112     elombrozo@gmail.com
4       ayeowch@gmail.com
50      Sergio.d.Lerner@gmail.com
12      andreas@schildbach.de
2       bit.kevin@gmail.com
22      r000n@r000n.net
8       shaul.kfir@gmail.com
4       dhill@conformal.com
2       maiiz@users.noreply.github.com
2       peterjosling@gmail.com
2       ivdsangen@gmail.com
2       fabian.raetz@gmail.com
6       robbak@robbak.com
4       timothy.redaelli@gmail.com
86      jonnynewbs@gmail.com
66      jeremy.l.rubin@gmail.com
18      jeff@bloq.com
26      pitwuu@gmail.com
2       wodry@users.noreply.github.com
2       tsui.geoffrey@gmail.com
6       c@chirag.io
22      johnny@blockstream.io
14      joao@bitreserve.org
8       stick@gk2.sk
6       matt@mattjquinn.com
14      krellan@krellan.net
2       jameson.lopp@gmail.com
16      thomas@pryds.eu
4       shshshsh@sdsdsdfsd.invalid
6       asp11@sfu.ca
2       bardi_harborow@yahoo.com.au
8       fcicq@fcicq.net
2       dserrano5@dserrano5.es
8       mail@w.tf-w.tf
4       github@jerviss.org
2       tucenaber@gmail.com
52      me@mortis.eu
14      michael@ndrix.org
2       james.burkle@gmail.com
4       mark@shotgunsoftware.com
4       shane-github@csy.ca
28      jordanthelewis@gmail.com
4       dlarimer@gmail.com
2       cqtenq9@gmail.com
4       tjps636@gmail.com
20      vegard.nossum@gmail.com
26      mus@musalbas.com
22      manuelaraoz@gmail.com
2       anferron@gmail.com
46      dscvlt@gmail.com
14      mike@plan99.net
2       keystrike@users.noreply.github.com
38      jonlst@gmail.com
14      michael-rotarius@rotamedia.de
2       kirkalx@yahoo.co.nz
2       ruben@rubensayshi.com
4       rdponticelli@gmail.com
2       patrick@cloudhashing.com
18      tamas@bitsofproof.com
4       davidjoelschwartz@gmail.com
2       a.j.buxton@gmail.com
4       nanotube@users.sourceforge.net
8       Lars.Rasmusson@sics.se
6       me@endeavour.zapto.org
2       blaubaer@gmail.com
2       dev@gim.name
4       patvarilly@gmail.com
2       j.de.gram@gmail.com
2       sirmatt@ksu.edu
8       alexander.kjeldaas@gmail.com
10      rcorreia@wizy.org
8       mark@blockstream.io
2       greg@learnmeabitcoin.com
2       christian@cbarcenas.com
2       i@yoichihirai.com
16      nobled@dreamwidth.org
2       tulip@JBinUp.local
2       earlz@earlz.net
8       olivier@olivierlanglois.net
2       will.yager@gmail.com
6       dlitz@dlitz.net
2       kirit.thadaka@gmail.com
2       alexreg@me.com
2       abrutschy@xylon.de
2       chuck@borboggle.com
2       tariqbashir@gmail.com
6       DavidJoelSchwartz@GMail.com
8       theuni-nospam@xbmc.org
6       cgaebel@csclub.uwaterloo.ca
2       vleschuk@gmail.com
2       ya.nowa@yandex.ru
4       git@vobornik.eu
32      sanjay@google.com
4       ubpd34th@gmail.com
32      justmoon@members.fsf.org
44      dgrogan@chromium.org
4       arnavion@gmail.com
8       alex
12      brian@factom.org
4       zauguin@gmail.com
12      hampus.sjoberg@gmail.com
8       dcousens@users.noreply.github.com
12      celil.kj@gmail.com
4       songbohr@163.com
284     steph@glondu.net
16      nick.bosma@gmail.com
28      jonasschnelli@Jonass-MacBook-Pro.local
60      jannepulk@gmail.com
12      angiongchun@gmail.com
4       timothy@Timothys-MacBook-Pro.local
68      roy@gnomon.org.uk
12      victorfelder@gmail.com
4       adlawren010@gmail.com
48      th020394@gmail.com
4       mathy@vanvoorden.be
20      makevoid@gmail.com
4       dave@661.org
4       hsoft@hardcoded.net
4       doug@bitcoinarmory.com
12      Derek701@users.noreply.github.com
8       mitchell@fastmail.com.au
4       pere@hungry.com
4       max.keller@gmx.com
8       al42and@gmail.com
20      xanatos@geocities.com
88      temp@temp.temp
4       github@a.julianhaight.com
16      luvb@hotmail.com
16      nobody@constantined.com
12      daira@jacaranda.org
4       ryanryan52@gmail.com
4       jkaartinen@iki.fi
16      ericshawlinux@users.noreply.github.com
8       crowning-@users.noreply.github.com
8       mail@richardschwab.de
4       thelazier@gmail.com
8       kefkius@mail.com
8       larry@l2g.to
8       birger.hedman@gmail.com
8       flower@k1024.de
24      paraipanakos@gmail.com
12      anditto.heristyo@gmail.com
4       face@hmel.org
4       jameson@bitgo.com
8       m.stollenga@gmail.com
4       mail@mhyuga.jp
4       git@sevastos.com
8       jonasd.nick@gmail.com
12      dhill@mindcry.org
4       andy@coinbase.com
8       flavien@charlon.net
4       lukem512@users.noreply.github.com
4       ditto-b@users.noreply.github.com
4       forrest@forre.st
4       coderrr.contact@gmail.com
48      stewart.chris1234@gmail.com
4       nikzhavoronkov@gmail.com
8       kangmo@nanolat.com
4       mike@riker.plan99.net
8       eordano@gmail.com
8       davec@conformal.com
8       him@richardkiss.com
4       serxis@gmail.com
4       denis@voxelsoft.com
4       pinheadmz@gmail.com
24      alszacrel@web.de
4       ryan@moneypot.com
4       ugithub@bitwatch.co
4       spencerlievens@users.noreply.github.com
